{"val_accuracy":0.9078,"learning_rate":4.0124460833395894e-07,"epoch":47,"loss":1.313495397567749,"_timestamp":1.7648398389145844e+09,"_runtime":947,"_wandb":{"runtime":947},"_step":48}